{
  "C:/Users/User/Downloads/4th Semester/computer networks\\CH1_Complete_Exercise_Guide.pdf": {
    "size": 4358358,
    "modified": 1774709181.923232,
    "md5_head": "2ba6b91d6a9e5f8969ddd0fac2cf4e89"
  },
  "C:/Users/User/Downloads/4th Semester/computer networks\\Chapter_1_Notes_Summerized.docx": {
    "size": 22428,
    "modified": 1774716007.9953635,
    "md5_head": "3e8ea53305b36fac33a1bc1b8a845645"
  },
  "C:/Users/User/Downloads/4th Semester/computer networks\\CN_chp_3_part_1.pdf": {
    "size": 2109102,
    "modified": 1779982256.689596,
    "md5_head": "cb4eeb69ff719c431c35e275f958b184"
  },
  "C:/Users/User/Downloads/4th Semester/computer networks\\CN_chp_3_part_2 (1).pdf": {
    "size": 1972091,
    "modified": 1780069721.632907,
    "md5_head": "c2f10854fc266344ffc757bb1e227e79"
  },
  "C:/Users/User/Downloads/4th Semester/computer networks\\CN_chp_3_part_3.pdf": {
    "size": 1746644,
    "modified": 1778421146.5032132,
    "md5_head": "e70532762e0ba33f68d3892550b06daf"
  },
  "C:/Users/User/Downloads/4th Semester/computer networks\\CN_chp_3_part_4.pdf": {
    "size": 984339,
    "modified": 1780246954.5581567,
    "md5_head": "286c6230e771a0d6ab1d894a0a3cc27f"
  },
  "C:/Users/User/Downloads/4th Semester/computer networks\\CN_chp_3_part_5.pdf": {
    "size": 1711192,
    "modified": 1779032975.8589714,
    "md5_head": "e69be5e1918d84ad84886f7982f0af05"
  },
  "C:/Users/User/Downloads/4th Semester/computer networks\\Computer_networks_chp_2 pt.1.pdf": {
    "size": 162153,
    "modified": 1774262884.769309,
    "md5_head": "ec3ea6f0a6be72fc91360cfd31dc28b8"
  },
  "C:/Users/User/Downloads/4th Semester/computer networks\\Computer_networks_chp_2_pt_2 (2).pdf": {
    "size": 631627,
    "modified": 1776289461.9970179,
    "md5_head": "62f4dd6c60f44379b6c4e8eb5df220b1"
  },
  "C:/Users/User/Downloads/4th Semester/computer networks\\Computer_networks_chp_2_pt__3.pdf": {
    "size": 94253,
    "modified": 1776239600.1596851,
    "md5_head": "04d20c6720de98cf61f602fc4d6cb121"
  },
  "C:/Users/User/Downloads/4th Semester/computer networks\\IP_Addresses_CN.pdf": {
    "size": 156544,
    "modified": 1780300862.371395,
    "md5_head": "5c4a726fc48748d5dd039ceb328fead2"
  },
  "C:/Users/User/Downloads/4th Semester/computer networks\\Kurose_Networks_6th_Edition_edited.pdf": {
    "size": 11332237,
    "modified": 1774877949.499414,
    "md5_head": "a0de4274a8a1fb0b70039a52e86fa857"
  },
  "C:/Users/User/Downloads/4th Semester/computer networks\\chp 1\\CN_chp_1_excercise.pdf": {
    "size": 343204,
    "modified": 1776283125.1942694,
    "md5_head": "b6c9353127e16797fc432b43ef918678"
  },
  "C:/Users/User/Downloads/4th Semester/computer networks\\chp 1\\computer_networks_31__47.pdf": {
    "size": 254786,
    "modified": 1775894125.324006,
    "md5_head": "40a6d69ea27b700c2d1efdc9ba75611b"
  },
  "C:/Users/User/Downloads/4th Semester/computer networks\\chp 1\\Computer_networks_chp_1____till_22_pages.pdf": {
    "size": 259246,
    "modified": 1775842774.7886639,
    "md5_head": "b66cb8716958afc075e4a95320537aae"
  },
  "C:/Users/User/Downloads/4th Semester/computer networks\\chp 1\\computer_netwrks_23_31.pdf": {
    "size": 112435,
    "modified": 1771824101.0859826,
    "md5_head": "3a9f1f88356abcf403caf721f4eba9b4"
  },
  "C:/Users/User/Downloads/4th Semester/computer networks\\chp 1\\computer networks\\CH1_Complete_Exercise_Guide.pdf": {
    "size": 4358358,
    "modified": 1774709181.923232,
    "md5_head": "2ba6b91d6a9e5f8969ddd0fac2cf4e89"
  },
  "C:/Users/User/Downloads/4th Semester/computer networks\\chp 1\\computer networks\\Chapter_1_Notes_Summerized.docx": {
    "size": 22428,
    "modified": 1774716007.9953635,
    "md5_head": "3e8ea53305b36fac33a1bc1b8a845645"
  },
  "C:/Users/User/Downloads/4th Semester/computer networks\\chp 1\\computer networks\\CN_chp_3_part_1.pdf": {
    "size": 2109102,
    "modified": 1779982256.689596,
    "md5_head": "cb4eeb69ff719c431c35e275f958b184"
  },
  "C:/Users/User/Downloads/4th Semester/computer networks\\chp 1\\computer networks\\CN_chp_3_part_2 (1).pdf": {
    "size": 1972091,
    "modified": 1780069721.632907,
    "md5_head": "c2f10854fc266344ffc757bb1e227e79"
  },
  "C:/Users/User/Downloads/4th Semester/computer networks\\chp 1\\computer networks\\CN_chp_3_part_3.pdf": {
    "size": 1746644,
    "modified": 1778421146.5032132,
    "md5_head": "e70532762e0ba33f68d3892550b06daf"
  },
  "C:/Users/User/Downloads/4th Semester/computer networks\\chp 1\\computer networks\\CN_chp_3_part_4.pdf": {
    "size": 888123,
    "modified": 1778606474.2725816,
    "md5_head": "286c6230e771a0d6ab1d894a0a3cc27f"
  },
  "C:/Users/User/Downloads/4th Semester/computer networks\\chp 1\\computer networks\\CN_chp_3_part_5.pdf": {
    "size": 1711192,
    "modified": 1779032975.8589714,
    "md5_head": "e69be5e1918d84ad84886f7982f0af05"
  },
  "C:/Users/User/Downloads/4th Semester/computer networks\\chp 1\\computer networks\\Computer_networks_chp_2 pt.1.pdf": {
    "size": 162153,
    "modified": 1774262884.769309,
    "md5_head": "ec3ea6f0a6be72fc91360cfd31dc28b8"
  },
  "C:/Users/User/Downloads/4th Semester/computer networks\\chp 1\\computer networks\\Computer_networks_chp_2_pt_2 (2).pdf": {
    "size": 631627,
    "modified": 1776289461.9970179,
    "md5_head": "62f4dd6c60f44379b6c4e8eb5df220b1"
  },
  "C:/Users/User/Downloads/4th Semester/computer networks\\chp 1\\computer networks\\Computer_networks_chp_2_pt__3.pdf": {
    "size": 94253,
    "modified": 1776239600.1596851,
    "md5_head": "04d20c6720de98cf61f602fc4d6cb121"
  },
  "C:/Users/User/Downloads/4th Semester/computer networks\\chp 1\\computer networks\\IP_Addresses_CN.pdf": {
    "size": 120129,
    "modified": 1779540202.6539304,
    "md5_head": "5c4a726fc48748d5dd039ceb328fead2"
  },
  "C:/Users/User/Downloads/4th Semester/computer networks\\chp 1\\computer networks\\Kurose_Networks_6th_Edition_edited.pdf": {
    "size": 11332237,
    "modified": 1774877949.499414,
    "md5_head": "a0de4274a8a1fb0b70039a52e86fa857"
  },
  "C:/Users/User/Downloads/4th Semester/computer networks\\chp 1\\computer networks\\chp 1\\CN_chp_1_excercise.pdf": {
    "size": 343204,
    "modified": 1776283125.1942694,
    "md5_head": "b6c9353127e16797fc432b43ef918678"
  },
  "C:/Users/User/Downloads/4th Semester/computer networks\\chp 1\\computer networks\\chp 1\\computer_networks_31__47.pdf": {
    "size": 254786,
    "modified": 1775894125.324006,
    "md5_head": "40a6d69ea27b700c2d1efdc9ba75611b"
  },
  "C:/Users/User/Downloads/4th Semester/computer networks\\chp 1\\computer networks\\chp 1\\Computer_networks_chp_1____till_22_pages.pdf": {
    "size": 259246,
    "modified": 1775842774.7886639,
    "md5_head": "b66cb8716958afc075e4a95320537aae"
  },
  "C:/Users/User/Downloads/4th Semester/computer networks\\chp 1\\computer networks\\chp 1\\computer_netwrks_23_31.pdf": {
    "size": 112435,
    "modified": 1771824101.0859826,
    "md5_head": "3a9f1f88356abcf403caf721f4eba9b4"
  },
  "C:/Users/User/Downloads/4th Semester/computer networks\\chp 1\\computer networks\\labs\\CCN LAB 3.docx": {
    "size": 3038655,
    "modified": 1773123195.13084,
    "md5_head": "8c97a7ae87ddad8cb5a53349f78bd61a"
  },
  "C:/Users/User/Downloads/4th Semester/computer networks\\chp 1\\computer networks\\labs\\CCN_LAB1 solved.docx": {
    "size": 325981,
    "modified": 1772340301.7332368,
    "md5_head": "c47b2f0a4228b13de3d4379d99a2b44d"
  },
  "C:/Users/User/Downloads/4th Semester/computer networks\\chp 1\\computer networks\\labs\\CCN_LAB2.docx": {
    "size": 837219,
    "modified": 1771663707.1772878,
    "md5_head": "2b5f6dd055086a0a811c711ee496d04b"
  },
  "C:/Users/User/Downloads/4th Semester/computer networks\\chp 1\\computer networks\\labs\\CCN_LAB3 solved.docx": {
    "size": 4173186,